file,pattern,lineno
beets\importer.py,delsubscript,145
beets\importer.py,hasattr,342
beets\importer.py,hasattr,950
beets\library.py,getattr,561
beets\library.py,getattr,1333
beets\mediafile.py,delsubscript,489
beets\mediafile.py,delsubscript,787
beets\mediafile.py,delsubscript,926
beets\mediafile.py,delsubscript,928
beets\mediafile.py,delsubscript,1043
beets\mediafile.py,hasattr,1178
beets\mediafile.py,hasattr,1201
beets\mediafile.py,hasattr,1230
beets\mediafile.py,delattr,1297
beets\mediafile.py,hasattr,1376
beets\mediafile.py,hasattr,1385
beets\mediafile.py,hasattr,1426
beets\mediafile.py,delsubscript,1452
beets\mediafile.py,delattr,1533
beets\mediafile.py,hasattr,1940
beets\mediafile.py,hasattr,1953
beets\mediafile.py,hasattr,1967
beets\mediafile.py,hasattr,1980
beets\plugins.py,hasattr,57
beets\plugins.py,getattr,263
beets\plugins.py,getattr,320
beets\autotag\hooks.py,getattr,115
beets\autotag\hooks.py,getattr,176
beets\autotag\match.py,getattr,350
beets\autotag\__init__.py,getattr,80
beets\autotag\__init__.py,getattr,137
beets\dbcore\db.py,delsubscript,255
beets\dbcore\db.py,delsubscript,338
beets\dbcore\query.py,delsubscript,429
beets\dbcore\queryparse.py,delsubscript,204
beets\ui\commands.py,delsubscript,1328
beets\ui\__init__.py,hasattr,86
beets\ui\__init__.py,delsubscript,1039
beets\ui\__init__.py,getattr,1095
beets\ui\__init__.py,delattribute,1097
beets\util\bluelet.py,delsubscript,257
beets\util\bluelet.py,delsubscript,262
beets\util\bluelet.py,delsubscript,268
beets\util\bluelet.py,delsubscript,288
beets\util\bluelet.py,delsubscript,377
beets\util\confit.py,delsubscript,460
beets\util\confit.py,hasattr,550
beets\util\confit.py,hasattr,678
beets\util\confit.py,delsubscript,934
beets\util\confit.py,delsubscript,941
beets\util\pipeline.py,hasattr,217
beets\util\pipeline.py,hasattr,219
beets\util\__init__.py,hasattr,72
beets\util\__init__.py,hasattr,715
beetsplug\chroma.py,delsubscript,241
beetsplug\discogs.py,getattr,178
beetsplug\duplicates.py,getattr,195
beetsplug\duplicates.py,getattr,224
beetsplug\duplicates.py,getattr,252
beetsplug\duplicates.py,getattr,263
beetsplug\duplicates.py,getattr,278
beetsplug\duplicates.py,getattr,279
beetsplug\echonest.py,getattr,374
beetsplug\info.py,getattr,53
beetsplug\missing.py,getattr,142
beetsplug\mpdstats.py,getattr,105
beetsplug\mpdstats.py,getattr,307
beetsplug\random.py,delsubscript,59
beetsplug\scrub.py,getattr,83
beetsplug\scrub.py,delsubscript,107
beetsplug\zero.py,delsubscript,74
beetsplug\bpd\__init__.py,delsubscript,371
beetsplug\bpd\__init__.py,hasattr,672
beetsplug\bpd\__init__.py,getattr,674
beetsplug\metasync\__init__.py,getattr,56
beetsplug\web\__init__.py,delsubscript,41
beetsplug\web\__init__.py,delsubscript,53
extra\release.py,delsubscript,152
test\helper.py,delattribute,191
test\helper.py,delsubscript,193
test\helper.py,hasattr,390
test\helper.py,hasattr,397
test\helper.py,hasattr,402
test\helper.py,hasattr,410
test\testall.py,delsubscript,34
test\test_config_command.py,delsubscript,25
test\test_dbcore.py,delname,134,old_lib
test\test_dbcore.py,delsubscript,215
test\test_dbcore.py,delattribute,222
test\test_dbcore.py,delsubscript,232
test\test_dbcore.py,delsubscript,241
test\test_dbcore.py,delsubscript,246
test\test_dbcore.py,delsubscript,271
test\test_logging.py,delattribute,85
test\test_mb.py,delsubscript,298
test\test_mediafile.py,delattribute,89
test\test_mediafile.py,delattribute,159
test\test_mediafile.py,delattr,316
test\test_mediafile.py,delattr,331
test\test_mediafile.py,delattr,345
test\test_mediafile.py,getattr,457
test\test_mediafile.py,getattr,460
test\test_mediafile.py,getattr,469
test\test_mediafile.py,delattr,589
test\test_mediafile.py,delattr,591
test\test_mediafile.py,getattr,613
test\test_mediafile.py,delattr,615
test\test_mediafile.py,getattr,620
test\test_mediafile.py,delattr,625
test\test_mediafile.py,delattr,626
test\test_mediafile.py,delattr,644
test\test_mediafile.py,delattr,658
test\test_mediafile.py,getattr,668
test\test_mediafile.py,hasattr,938
test\test_mediafile.py,hasattr,944
test\test_mediafile_edge.py,hasattr,180
test\test_mediafile_edge.py,delattribute,254
test\test_metasync.py,hasattr,107
test\test_metasync.py,hasattr,116
test\test_plugins.py,getattr,347
test\test_ui.py,delsubscript,545
test\test_ui.py,delsubscript,569
test\test_ui.py,delsubscript,573
test\test_ui.py,delsubscript,603
test\test_ui_importer.py,hasattr,95
test\_common.py,hasattr,58
test\_common.py,delsubscript,163
